Gesture,Precision,Recall,F1-Score,Support
A,1.0000,1.0000,1.0000,150
B,1.0000,1.0000,1.0000,150
C,1.0000,1.0000,1.0000,150
D,1.0000,1.0000,1.0000,150
E,1.0000,1.0000,1.0000,150
F,1.0000,1.0000,1.0000,150
G,1.0000,1.0000,1.0000,150
H,1.0000,1.0000,1.0000,150
I,1.0000,1.0000,1.0000,150
J,1.0000,1.0000,1.0000,150
K,1.0000,1.0000,1.0000,150
L,1.0000,1.0000,1.0000,150
M,1.0000,1.0000,1.0000,150
N,1.0000,1.0000,1.0000,150
O,1.0000,1.0000,1.0000,150
P,1.0000,1.0000,1.0000,150
Q,1.0000,1.0000,1.0000,150
R,1.0000,1.0000,1.0000,150
S,1.0000,1.0000,1.0000,150
T,1.0000,1.0000,1.0000,150
U,1.0000,1.0000,1.0000,150
V,1.0000,1.0000,1.0000,150
W,1.0000,1.0000,1.0000,150
X,1.0000,1.0000,1.0000,150
Y,1.0000,1.0000,1.0000,150
Z,1.0000,1.0000,1.0000,150
